SNWMSS_ID,LCTN_ID,LCTN_NM,ELEVATION,STATUS,LATITUDE,LONGITUDE,SHAPE,OBJECTID,X_COORDINATE,Y_COORDINATE
83,1D07,Hope,70,Inactive,49.440616,-121.380546,,1147307,1335015.8786999984,502522.8386000013
84,1D08,Stave Lake,1250,Active,49.579881,-122.315591,,1147308,1266467.5399,514003.90029999893
85,1D09,Wahleach Lake,1480,Inactive,49.232061,-121.580187,,1147309,1322002.5911000005,478468.07440000214
86,1D10,Nahatlatch River,1550,Active,49.825612,-122.059405,,1147310,1283457.1187999998,542280.5577000016
87,1D11,Boston Bar Creek (Upper),1340,Inactive,49.584667,-121.216247,,1147311,1345832.3096999987,519289.34780000057
88,1D12,Boston Bar Creek (Lower),1230,Inactive,49.594291,-121.102493,,1147312,1353969.0116000008,520918.95339999814
89,1D13,Wolverine Creek,250,Inactive,50.505828,-122.978897,,1147313,1214133.387700001,614635.2267000014
90,1D14,Ottomite,1460,Inactive,49.60276,-121.153656,,1147314,1350212.5952000013,521603.7328999974
91,1D15,Great Bear,1660,Inactive,49.486042,-121.107109,,1147315,1354466.9174000006,508891.9180000024
92,1D16,Dickson Lake,1160,Active,49.316287,-122.068931,,1147316,1285914.9180999994,485711.9898000024
93,1D18,Disappointment Lake,1050,Active,49.554483,-122.758611,,1147317,1234580.1231,509616.14919999987
94,1E01,Blue River,690,Inactive,52.167964,-119.241294,,1147318,1460817.9433,817246.6098999996
95,1E01A,Blue River Town,670,Inactive,52.119682,-119.270652,,1147319,1459333.2414999993,811697.2938000048
96,1E01B,Blue River,670,Active,52.13308,-119.2895,,1147320,1457909.1918000006,813062.1755000027
97,1E02,Mount Cook,1830,Inactive,52.227588,-119.325881,,1147321,1454442.0830000006,823317.6367000043
98,1E02A,Mount Cook,1570,Inactive,52.18214,-119.3227,,1147322,1455135.2824000004,818293.3682000004
99,1E03,Trophy Mountain,1900,Inactive,51.773571,-119.958679,,1147323,1415778.8276000004,769019.8593999995
100,1E03A,Trophy Mountain,1860,Active,51.80811,-119.9388,,1147324,1416814.4148,772972.2529000016
101,1E04,Mount Albreda,1920,Inactive,52.499488,-119.048401,,1147325,1470303.7048,855308.953800003
102,1E05,Knouff Lake,1200,Inactive,50.9833,-120.1333,,1147326,1411077.0021,680267.101599995
103,1E06,Cook Forks,1390,Inactive,52.16667,-119.3167,,1147327,1455705.6278000013,816614.8585999999
104,1E07,Adams River,1720,Active,51.58406,-119.4267,,1147328,1454248.1847,751252.721499999
105,1E08,Azure River,1640,Inactive,52.595917,-119.722694,,1147329,1423858.7920999986,861757.8241999997
106,1E10,Kostal Lake,1770,Inactive,52.203334,-120.016944,,1147330,1407734.3328000004,816415.9088000003
107,1E11,Mount Saint Anne,1770,Inactive,52.261878,-119.234527,,1147331,1460278.7448999998,827713.9117000019
108,1E12,Mcqueen Lake,1100,Inactive,50.794624,-120.395347,,1147332,1394416.367,657835.7139999997
109,1E13,North Clemina Creek,1860,Inactive,52.56295,-118.951606,,1147333,1476127.2696,862998.8706000028
110,1F01,Aberdeen Lake,1310,Inactive,50.110721,-119.092033,,1147334,1493286.3303000003,590187.2021999992
111,1F01A,Aberdeen Lake,1310,Active,50.14733,-119.0534,,1147335,1495637.2126999996,594510.2442999985
112,1F01B,Haddo Lake,1300,Inactive,50.073745,-119.110512,,1147336,1492370.6276999994,585964.7612000015
113,1F02,Anglemont,1190,Active,50.999721,-119.186386,,1147337,1477060.3839,688028.5027000047
114,1F03,Park Mountain,1890,Inactive,50.446899,-118.616523,,1147338,1523228.1120999993,630817.419999999
115,1F04,Enderby,1900,Active,50.653025,-118.926903,,1147339,1499019.4185,651400.3699000031
116,1F05,Humamilt Lake,1280,Inactive,51.330181,-119.103507,,1147340,1479264.7666000002,725224.4256999977
117,2A01,Canoe River,1040,Inactive,52.819549,-119.176948,,1147341,1458198.9393000004,889994.3828000026
118,2A01A,Canoe River,870,Inactive,52.779445,-119.27111,,1147342,1452319.2800000005,884935.9800999956
119,2A02,Glacier,1250,Active,51.254165,-117.491386,,1147343,1591824.282700001,729002.0316999927
120,2A02A,New Glacier,1250,Inactive,51.265895,-117.468467,,1147344,1593253.6237,730491.1035000058
121,2A03,Field,1160,Inactive,51.311962,-116.495002,,1147345,1659871.8284000007,744197.583399999
122,2A03A,Field,1285,Active,51.38972,-116.508331,,1147346,1657794.012399999,752658.5090000033
123,2A04,Invermere,1040,Inactive,50.475238,-116.088569,,1147347,1700909.192199999,655807.5215000035
124,2A04A,Invermere,1070,Inactive,50.558216,-116.301536,,1147348,1684682.8018999987,662870.6103000008
125,2A05,Kinbasket Lake,690,Inactive,51.978019,-117.878349,,1147349,1555795.8367000003,805973.5614
126,2A06,Mount Revelstoke,1830,Inactive,51.03524,-118.146637,,1147350,1549142.281700001,699499.3536999952
127,2A07,Kicking Horse,1650,Active,51.440556,-116.355834,,1147351,1667528.2426999998,759698.171000001
128,2A08,Middle River,1050,Inactive,51.97406,-117.993209,,1147352,1548019.1217,804639.6258000005
129,2A09,Blackwater Lookout,1680,Inactive,51.592972,-117.352943,,1147353,1596806.8326999997,767635.9593999973
130,2A10,Blackwater Creek,1580,Inactive,51.562076,-117.326339,,1147354,1599054.5899999999,764443.5691999989
131,2A11,Beaverfoot,1890,Active,51.276217,-116.884035,,1147355,1633527.7528000004,736695.9882000089
132,2A12,Bigmouth Creek,1220,Inactive,51.845123,-118.499633,,1147356,1515011.3753,786551.1106999954
133,2A13,Wood River,1220,Inactive,52.11837,-118.354171,,1147357,1521677.587999999,817902.0146000013
134,2A14,Mount Abbot,2010,Active,51.23722,-117.508331,,1147358,1590877.2015999998,726986.4785000011
135,2A15,Mica Creek,560,Inactive,52.06879,-118.521202,,1147359,1510906.7681000002,811187.9344000025
136,2A16,Goldstream,1920,Active,51.698224,-118.447187,,1147360,1520342.3995999992,770654.7215999961
137,2A17,Fidelity Mountain,1870,Active,51.23722,-117.694725,,1147361,1577967.5501000008,725447.700699999
138,2A18,Keystone Creek,1890,Inactive,51.411194,-118.360709,,1147362,1529721.9360000002,739496.2665000055
139,2A19,Vermont Creek,1520,Active,50.962685,-116.941963,,1147363,1633980.151000002,701543.357799992
140,2A20,Watam Lake,1810,Inactive,51.325874,-118.509986,,1147364,1520413.6859000006,728937.7684000032
141,2A22,Sunbeam Lake,2010,Inactive,51.589903,-117.653474,,1147365,1576202.8148999996,764806.5030000024
142,2A23,Bush River,1920,Active,51.717708,-117.424686,,1147366,1590199.818,780832.4882000014
143,2A24,Mount Copeland,1700,Inactive,51.104209,-118.468589,,1147367,1525901.1087999996,704690.8693000013
144,2A25,Kirbyville Lake,1750,Active,51.567427,-118.771627,,1147368,1499555.6945999982,753821.1042999998
145,2A26,Bugaboo Creek,1510,Inactive,50.75542,-116.705841,,1147369,1653433.931299999,680805.4623000054
146,2A27,Downie Slide Lower,980,Active,51.512484,-118.530392,,1147370,1516811.4361000007,749463.5638000024
147,2A28,Downie Site 8,1250,Inactive,51.426101,-118.497077,,1147371,1520126.0003000004,740136.4269999983
148,2A29,Downie Slide Upper,1630,Active,51.500781,-118.553332,,1147372,1515366.9801000003,747999.5425999966
149,2B01,Revelstoke,560,Inactive,50.982139,-118.1772,,1147373,1547666.055800001,693385.1039000032
150,2B02,Farron,1220,Inactive,49.316909,-118.117973,,1147374,1572379.1403,509738.2449999964
151,2B02A,Farron,1220,Active,49.27011,-118.13003,,1147375,1572084.1104000001,504472.7669000011
152,2B03,Old Glory Mountain,2130,Inactive,49.141639,-117.978668,,1147376,1584654.0859999994,491525.77320000064
153,2B04,Whatshan Lower,1250,Inactive,50.126705,-117.981803,,1147377,1572049.319599999,600309.5657000048
154,2B05,Whatshan Upper,1525,Active,50.188006,-118.043208,,1147378,1566922.0857999981,606592.1528000049
155,2B06,Barnes Creek,1620,Inactive,50.067779,-118.355834,,1147379,1546177.2983999993,590840.3753999947
156,2B07,Koch Creek,1860,Active,49.718123,-117.975701,,1147380,1577622.5777999996,555209.1592000015
157,2B08,St. Leon Creek,1860,Inactive,50.435197,-117.703592,,1147381,1587794.9682999994,636687.0231000055
158,2B09,Record Mountain,1890,Active,49.10136,-117.872,,1147382,1592907.4871999987,487967.50140000135
159,2C01,Sinclair Pass,1370,Active,50.663786,-115.959958,,1147383,1706976.9656000007,677865.6995000038
160,2C02,Fernie,1070,Inactive,49.558391,-115.041236,,1147384,1790133.775500001,565959.0301999915
161,2C02A,Fernie (Ne),1070,Inactive,49.524391,-115.031311,,1147385,1791426.8864999996,562335.7678999994
162,2C03,Kimberley,1160,Inactive,49.677501,-115.987556,,1147386,1720514.2534000012,568958.7414999949
163,2C03A,Kimberley,1160,Inactive,49.710758,-115.847846,,1147387,1729971.0602999995,574050.1795000061
164,2C04,Sullivan Mine,1550,Active,49.728611,-116.016944,,1147388,1717614.7915000007,574286.2468999978
165,2C05,Marble Canyon,1520,Inactive,51.194351,-116.134208,,1147389,1686580.0521000004,734649.6738000065
166,2C06,Upper Elk River,1340,Inactive,49.993644,-114.920455,,1147390,1791227.5322999998,615120.7645999976
167,2C07,Fernie East,1250,Inactive,49.508335,-115.016944,,1147391,1792730.9644000004,560733.2416000031
168,2C08,Fernie Ridge,1710,Inactive,49.598873,-115.044288,,1147392,1789221.8224999993,570371.3187000016
169,2C09,Morrissey Ridge,1860,Inactive,49.480876,-114.958244,,1147393,1797407.5892,558377.2870999994
170,2C09A,Morrissey Ridge,1800,Inactive,49.448219,-114.970199,,1147394,1797114.4707999988,554656.9913999997
171,2C10,Moyie Mountain,1835,Inactive,49.2515,-115.7739,,1147395,1742599.1731999991,524301.5666000023
172,2C11,Kimberley (Upper) VOR,2140,Active,49.559165,-116.084724,,1147396,1715404.4348000018,554947.9439999992
173,2C12,Kimberley (Middle)VOR,1680,Active,49.559165,-116.050834,,1147397,1717833.5646000006,555291.0092999963
174,2C13,Kimberley (Lower) Vor,1370,Inactive,49.538925,-116.034584,,1147398,1719313.9249000016,553228.3160000006
175,2C14,Floe Lake,2090,Inactive,51.057533,-116.137478,,1147399,1688470.1584,719526.6925999951
176,2C15,Mount Assiniboine,2230,Active,50.915001,-115.610001,,1147400,1727354.887800001,709090.4566999944
177,2C16,Mount Joffre,1750,Inactive,50.533848,-115.126447,,1147401,1767437.7963999987,672239.0907000052
178,2C17,Thunder Creek,2010,Active,50.047494,-115.233712,,1147402,1768124.6475999998,617589.3766000001
179,2C18,Vermilion River No.1,1680,Inactive,51.237655,-116.214782,,1147403,1680344.0146,738649.1006999994
180,2C19,Vermilion River No.2,1610,Inactive,51.181694,-116.216186,,1147404,1681105.7924000002,732461.4825999988
181,2C20,Vermilion River No. 3,1570,Inactive,51.203334,-116.067779,,1147405,1691032.7791000004,736286.8792000003
182,2C21,Vermilion River No.4,1680,Inactive,51.249198,-116.111,,1147406,1687333.9580000013,740925.0609000018
183,2C22,Vermilion River No.5,1570,Inactive,51.242744,-116.175338,,1147407,1682990.4505999999,739590.3736000052
184,2D01,Gerrard,1620,Inactive,50.56641,-117.221191,,1147408,1619995.8108,655300.2964999955
185,2D02,Ferguson,880,Active,50.677776,-117.46177,,1147409,1601597.184300001,665528.924999998
186,2D03,Sandon,1070,Active,49.976056,-117.226417,,1147410,1627748.8306000016,590070.6028000005
187,2D04,Nelson,930,Active,49.41761,-117.228083,,1147411,1635304.1083000011,528442.6736000003
188,2D05,Gray Creek Lower,1650,Active,49.61219,-116.67959,,1147412,1671966.2650000008,554959.1008999916
189,2D06,Char Creek,1310,Active,49.1,-116.95,,1147413,1659835.2545000012,495975.5746999951
190,2D07,Duncan Lake,650,Inactive,50.236881,-116.879463,,1147414,1648710.5523000013,621982.7288999986
191,2D07A,Duncan Lake No. 2,630,Active,50.260722,-116.960167,,1147415,1642663.9471999994,623877.548700003
192,2D08,East Creek,2030,Inactive,50.639759,-116.925758,,1147416,1639704.2686999985,666028.8461000063
193,2D09,Mount Templeman,1860,Active,50.715843,-117.20171,,1147417,1619302.4617999988,671977.6070000092
194,2D10,Gray Creek Upper,1930,Active,49.61656,-116.6589,,1147418,1673385.3603000017,555637.2974999975
195,2D11,Arrow Creek,1620,Inactive,49.264732,-116.521919,,1147419,1688421.1553000004,518197.1143999994
196,2D12,Harlow Creek,1920,Inactive,50.183761,-117.571823,,1147420,1600410.0092000007,610009.4783999929
197,2D13,Meadow Mountain,1990,Inactive,50.231918,-117.057838,,1147421,1636161.1841000002,619816.2613999937
198,2D17,Lost Ledge,2050,Active,50.070774,-116.97911,,1147422,1644010.1129999994,602744.6975999996
199,2D18,Purcell,2060,Active,50.098135,-116.81117,,1147423,1655538.7609000006,607304.7082000002
200,2E01,Monashee Pass,1370,Active,50.083422,-118.507165,,1147424,1535221.6484999992,591414.7022999981
201,2E02,Carmi,1250,Active,49.49678,-119.0909,,1147425,1500019.3346999993,522250.4760999996
202,2E03,Big White Mountain,1680,Active,49.72017,-118.9722,,1147426,1506120.4674999989,547807.7132000048
203,2E04,Trapping Creek,930,Inactive,49.566,-119.0484,,1147427,1502330.9025999997,530208.745699998
204,2E04A,Trapping Creek (Upper),1350,Inactive,49.664199,-118.963592,,1147428,1507355.8650000007,541677.0518000051
205,2E05,Trapping Creek (Lower),930,Inactive,49.577629,-118.942749,,1147429,1509811.595300001,532250.4040999953
206,2E06,Bluejoint Mountain,2040,Inactive,49.542221,-118.525276,,1147430,1540275.4034000002,531431.4126999993
207,2F01,Trout Creek,1430,Inactive,49.73744,-120.1844,,1147431,1418881.0248000002,541800.2965999963
208,2F01A,Trout Creek West,1430,Active,49.74017,-120.1891,,1147432,1418518.3697999988,542075.0217000041
209,2F02,Summerland Reservoir,1280,Active,49.81291,-120.01549,,1147433,1430309.9672999992,551176.1319999984
210,2F03,McCulloch,1280,Active,49.78831,-119.1933,,1147434,1489520.054099999,553793.3562000059
211,2F04,Graystoke Lake,1840,Active,49.98867,-118.8686,,1147435,1510553.5030000005,578261.5160000017
212,2F05,Mission Creek,1780,Inactive,49.94467,-118.9497,,1147436,1505253.2693000003,572810.325600001
213,2F06,Bouleau Creek,1520,Inactive,50.375961,-119.557601,,1147437,1457454.0465999986,616441.7805999992
214,2F07,Postill Lake,1370,Active,49.99889,-119.2149,,1147438,1485730.2065999988,576955.9649999999
215,2F08,Greyback Reservoir,1550,Active,49.616344,-119.422678,,1147439,1474845.9913999992,533196.5793000087
216,2F09,Whiterocks Mountain,1780,Active,50.01722,-119.7454,,1147440,1447676.0690000001,575488.7913000034
217,2F10,Silver Star Mountain,1840,Active,50.37136,-119.0621,,1147441,1492579.4036999994,619256.8985000001
218,2F11,Isintok Lake,1680,Active,49.551,-119.96686,,1147442,1436276.8625000005,522459.43039999995
219,2F12,Mount Kobau,1810,Active,49.11861,-119.67778,,1147443,1461412.293,476426.2291000029
220,2F13,Esperon Creek Upper,1620,Active,50.08094,-119.74167,,1147444,1447316.5548999999,582572.6884999992
221,2F14,Esperon Creek Middle,1420,Active,50.06953,-119.69869,,1147445,1450493.3065000016,581580.9725000001
222,2F15,Esperon Creek Lower,1340,Inactive,50.07806,-119.67187,,1147446,1452320.9152000009,582697.0963999964
223,2F16,Carrs Landing (Lower),690,Inactive,50.175884,-119.343917,,1147447,1474673.1495999997,595681.3239999972
224,2F17,Carrs Landing (Upper),980,Inactive,50.181972,-119.390258,,1147448,1471314.8727,596046.0499000009
225,2F18,Brenda Mine,1460,Inactive,49.864166,-119.98278,,1147449,1432172.3927999989,557054.8257000009
226,2F19,Oyama Lake,1340,Active,50.115186,-119.280863,,1147450,1479796.3099000023,589383.8158999868
227,2F20,Vaseux Creek,1400,Active,49.28231,-119.32803,,1147451,1485152.7619000005,496875.3156999927
228,2F21,Bouleau Lake,1400,Inactive,50.28267,-119.6483,,1147452,1451961.4018999995,605520.418600006
229,2F22,Pearson Creek,940,Inactive,49.940994,-119.185958,,1147453,1488414.5819000006,570745.3207
230,2F23,MacDonald Lake,1740,Active,49.88494,-120.0293,,1147454,1428644.5409000004,559073.9900000002
231,2F24,Islaht Lake,1480,Active,49.99008,-119.8099,,1147455,1443334.9112999998,572075.7631000029
232,2F25,Postill Lake Upper,1540,Inactive,49.96219,-119.2051,,1147456,1486820.8188,572960.0448000012
233,2G01,Copper Mountain,1310,Inactive,49.404491,-120.598701,,1147457,1391921.4364000002,502532.24469999876
234,2G01A,Sunday Summit,1310,Inactive,49.335765,-120.582015,,1147458,1393713.7799999996,495009.615000003
235,2G02,Nickel Plate,1890,Inactive,49.377628,-120.036491,,1147459,1432874.9372000003,502831.63559999876
236,2G02A,Nickel Plate,1890,Inactive,49.313835,-119.976669,,1147460,1437809.2672000001,496135.86190000176
237,2G03,Blackwall Peak,1940,Inactive,49.09414,-120.7725,,1147461,1381877.8125000007,467196.5078000007
238,2G04,Lost Horse Mountain,1940,Active,49.27981,-120.12975,,1147462,1427021.4888000006,491433.354299997
239,2G05,Missezula Mountain,1550,Active,49.73831,-120.5441,,1147463,1393018.4279999991,539834.0512000015
240,2G06,Hamilton Hill,1490,Active,49.49914,-120.79439,,1147464,1376975.3605000002,511959.6167999981
241,3A01,Grouse Mountain,1100,Active,49.382986,-123.07987,,1147465,1212130.4868,489559.34080000035
242,3A02,Powell River Upper,1040,Active,50.26883,-124.3311,,1147466,1118936.9744000009,585093.0460999999
243,3A03,Powell River,940,Inactive,50.207378,-124.503448,,1147467,1106800.771600001,577982.5672999965
244,3A04,Powell River,670,Inactive,50.234222,-124.507865,,1147468,1106422.652699999,580961.9537000069
1,1A01,Yellowhead,1860,Inactive,52.90622,-118.5475,,1146329,1499303.6944999998,903870.1851000013
2,1A02,McBride Upper,1610,Inactive,53.30604,-120.31926,,1146330,1377318.3205,937316.7770000007
3,1A03,Barkerville,1470,Inactive,53.057338,-121.491828,,1146331,1301320.4686999994,904019.8635999989
4,1A04,Nechako,940,Inactive,53.583301,-124.943626,,1146332,1069776.134700001,953627.8733999981
5,1A05,Longworth Upper,1693,Inactive,53.950806,-121.44314,,1146333,1298157.1542000014,1003719.6934999991
6,1A06,Hansard,590,Inactive,54.085609,-121.86557,,1146334,1269672.2334000007,1017042.3638999993
7,1A06A,Hansard,608,Active,54.07586,-121.8655,,1146335,1269740.3061000002,1015956.3982999967
8,1A07,Fort St. James,810,Inactive,54.488781,-124.161155,,1146336,1118826.4059999997,1055709.060200003
9,1A08,Bowron Lake,1280,Inactive,53.249748,-121.370712,,1146337,1308001.5544000003,925962.9830000009
10,1A09,Torpy River,1070,Inactive,54.088321,-121.669952,,1146338,1282397.5497999992,1018107.2743999967
11,1A10,Prince George Airport,689,Active,53.881111,-122.67778,,1146339,1217809.3968000005,991453.7314999998
12,1A11,Pacific Lake,755,Active,54.382715,-121.578098,,1146340,1286329.2843999986,1051272.1374000004
13,1A12,Kaza Lake,1250,Active,56.022075,-126.295684,,1146341,981605.6194,1225350.867899998
14,1A13,Longworth Lower,1230,Inactive,53.947891,-121.45668,,1146342,1297293.2825999996,1003338.1108000027
15,1A14,Hedrick Lake,1110,Inactive,54.10734,-121.0033,,1147239,1325658.2322000002,1023088.4928000048
16,1A15,Knudsen Lake,1580,Inactive,54.302781,-120.7825,,1147240,1338417.0136999986,1045881.2733000005
17,1A16,Burns Lake,800,Active,54.23722,-125.745552,,1147241,1016545.2003000013,1026116.7681000037
18,1A17,Revolution Creek,1680,Inactive,53.78422,-120.3752,,1147242,1369375.3862,990210.9774999972
19,1A18,Holmes River,1900,Inactive,53.278789,-119.464241,,1147243,1434238.6842000003,939188.5270000054
20,1A19,Dome Mountain,1766,Inactive,53.622081,-121.024398,,1147244,1328088.666400001,968969.3660000004
21,1A20,Mcbride Middle,1160,Inactive,53.371604,-120.305252,,1147245,1377658.8864999982,944683.3524999991
22,1A21,Narrow Lake,1650,Inactive,53.581428,-121.898902,,1147246,1270758.3949000007,960743.2016999898
23,1A22,Mcbride Lower,790,Inactive,53.336231,-120.278511,,1147247,1379747.0606999982,940892.3609000044
24,1A23,Bird Creek,1180,Active,53.67236,-124.3419,,1147248,1109282.9310999997,964325.4471000042
25,1A24,Forfar Creek (Upper),1410,Inactive,54.983341,-125.583343,,1147249,1026602.3896999997,1109448.4206000064
26,1B01,Mount Wells,1490,Active,53.72861,-126.423614,,1147250,972115.4008000006,969406.2555
27,1B02,Tahtsa Lake,1300,Active,53.593055,-127.660835,,1147251,890329.2361999992,955482.2521000002
28,1B03,Pondosy Lake,1020,Inactive,53.17675,-126.887313,,1147252,940821.5567000007,908115.2846000018
29,1B04,Whitesail Lake,1330,Inactive,53.408519,-127.089477,,1147253,927737.3594999997,934160.0993000008
30,1B05,Skins Lake,890,Active,53.779445,-125.999725,,1147254,1000018.0800999993,974995.9121999945
31,1B06,Mount Swannell,1620,Active,53.34208,-125.2725,,1147255,1048330.7302999996,926439.1296999967
32,1B07,Nutli Lake,1490,Active,53.4575,-126.288055,,1147256,980915.4757000001,939108.2958999975
33,1C01,Brookmere,980,Active,49.81492,-120.8749,,1147257,1368615.8983000002,546549.4377000006
34,1C02,Porcupine Ridge,1830,Inactive,51.020484,-120.593544,,1147258,1378577.3659,681828.1141999988
35,1C03,Tranquille Lake,1420,Inactive,50.935928,-120.597557,,1147259,1379014.8212000006,672417.6434999993
36,1C04,Pass Lake,870,Inactive,50.848941,-120.504798,,1147260,1386260.6096000005,663261.4789999994
37,1C05,McGillivray Pass,1725,Inactive,50.698252,-122.624857,,1147261,1238188.5894000009,637164.057199996
38,1C06,Pavilion,1230,Active,50.90764,-121.8178,,1147262,1293707.3902000005,663476.6789999986
39,1C07,Lac Le Jeune Lower,1370,Inactive,50.680042,-120.59291,,1147263,1381514.2156000016,644034.8490999956
40,1C08,Nazko,1070,Inactive,53.01958,-123.6541,,1147264,1157013.8400999994,892811.795300005
41,1C09,Highland Valley,1550,Inactive,50.510726,-120.90232,,1147265,1361077.7199000013,623616.6489000022
42,1C09A,Highland Valley,1510,Active,50.5,-120.9833,,1147266,1355435.9755000002,622016.0578000024
43,1C10,French Snowshoe,1580,Inactive,52.799861,-121.490966,,1147267,1303206.203,875359.666100001
44,1C11,Mount Penrose,1430,Inactive,50.849849,-122.94886,,1147268,1214610.9359000002,652988.9464999968
45,1C12,Green Mountain,1630,Inactive,50.776878,-122.883934,,1147269,1219532.2934,645070.9756000042
46,1C13,Black Mountain,1570,Inactive,52.332126,-121.17321,,1147270,1328095.3604,824725.5077999998
47,1C13A,Horsefly Mountain,1550,Inactive,52.34089,-121.0599,,1147271,1335716.9713000006,826231.6783000054
48,1C14,Bralorne,1389,Inactive,50.77497,-122.788519,,1147272,1226259.5637999994,645159.2150999978
49,1C15,Shalalth,1460,Inactive,50.697921,-122.229133,,1147273,1266092.342499999,638536.7497000042
50,1C16,Lytton,270,Inactive,50.247581,-121.564163,,1147274,1316097.8963000001,591233.3526999978
51,1C17,Mount Timothy,1660,Active,51.90489,-121.2588,,1147275,1325473.9179999987,776807.9692000085
52,1C19,Gnawed Mountain,1580,Inactive,50.4333,-120.9667,,1147276,1357137.4784999993,614694.844399998
53,1C20,Boss Mtn. Mine,1460,Inactive,52.1069,-120.86727,,1147277,1350675.0335000001,801142.4498000033
54,1C21,Big Creek,1140,Active,51.70633,-123.0406,,1147278,1204174.5414000012,748042.259399998
55,1C22,Puntzi Mountain,940,Active,52.12591,-124.09405,,1147279,1130258.4353000005,792297.0715999966
56,1C23,Penfold Creek,1685,Active,52.748222,-120.559622,,1147280,1366163.1021999991,874017.0842000013
57,1C24,Yanks Peak,1710,Inactive,52.850498,-121.41481,,1147281,1307954.5604999997,881325.0578000089
58,1C25,Lac Le Jeune Upper,1509,Active,50.45911,-120.497,,1147282,1390177.6612,620038.5981000019
59,1C26,Harry Lake,1350,Inactive,50.832809,-121.612472,,1147283,1308625.2164999985,656033.0442000004
60,1C27,Cornwall Hills,2000,Inactive,50.697879,-121.453811,,1147284,1320734.6621000008,641745.6201000009
61,1C28,Duffey Lake,1200,Active,50.37918,-122.48262,,1147285,1249982.2416999992,602181.9752000002
62,1C29,Shovelnose Mountain,1450,Active,49.85675,-120.86332,,1147286,1369110.0829000012,551249.2325000009
63,1C30,Spahomin,1450,Inactive,50.125259,-120.35865,,1147287,1402923.7109000003,583780.4497999987
64,1C31,Conant Lake,1370,Inactive,50.362514,-120.536178,,1147288,1388234.2515999994,609105.4186999993
65,1C32,Deadman River,1430,Inactive,51.098691,-120.609886,,1147289,1376772.7080000006,690425.7813000083
66,1C33,Granite Mountain,1175,Inactive,52.532428,-122.271759,,1147290,1252326.2181999995,842518.4067000002
67,1C33A,Granite Mountain,1150,Active,52.53125,-122.2715,,1147291,1252350.6470999992,842388.1384000024
68,1C34,Bonaparte Lake,1450,Inactive,51.330142,-120.507888,,1147292,1381890.0918000003,716677.9440000011
69,1C35,Fish Lake,1500,Inactive,51.279998,-123.370002,,1147293,1183223.9913,699674.493900001
70,1C35A,Fish Lake No. 2,1550,Inactive,51.290001,-123.400001,,1147294,1181094.0797,700710.8759999992
71,1C36,Pavilion Mtn.,1960,Inactive,50.59,-121.43,,1147295,1323186.9207000006,629869.6899999976
72,1C37,Bralorne (Upper),1981,Inactive,50.798287,-122.745129,,1147296,1229195.0616000004,647892.1092000008
73,1C38,Downton Lake Upper,1887,Active,50.85991,-123.183382,,1147297,1198079.6182000006,653424.6641000016
74,1C39,Bridge Glacier Lower,1390,Active,50.845265,-123.458753,,1147298,1178781.3863000004,651062.1764999973
75,1C40,Tyaughton Creek (North),1947,Inactive,51.147118,-122.793789,,1147299,1224012.1539999987,686542.5536999973
76,1C42,Caverhill Lake New,1400,Active,51.32649,-120.3846,,1147300,1390477.284,716944.9052000046
77,1D01,Coquitlam Lake,300,Inactive,49.363876,-122.804489,,1147301,1232218.1446999998,488301.8781999992
78,1D02,Cypress Lake,340,Inactive,49.44215,-122.203216,,1147302,1275407.8087000013,499146.1322999997
79,1D03,Upper Stave River,140,Inactive,49.518692,-122.24279,,1147303,1272088.6197000006,507488.47839999944
80,1D04,Alouette Lake,460,Inactive,49.415527,-122.319999,,1147304,1267098.2009999997,495743.91229999624
81,1D05,Steelhead,580,Inactive,49.233757,-122.265365,,1147305,1272125.0308000003,475780.98789999913
82,1D06,Tenquille Lake,1680,Inactive,50.53625,-122.92996,,1147306,1217453.0474999987,618167.345800003
245,3A05,Powell River Lower,910,Active,50.26395,-124.337439,,1147469,1118498.0492000007,584539.5777999973
246,3A06,Powell River,810,Inactive,50.247371,-124.592689,,1147470,1100344.5399999984,582300.7865000004
247,3A07,Burwell Lake,880,Inactive,49.458713,-122.992897,,1147471,1218087.4296000008,498232.40540000144
248,3A08,Hollyburn,1100,Inactive,49.4,-123.1833,,1147472,1204545.7230999996,491144.2207000032
249,3A09,Palisade Lake,880,Active,49.453772,-123.03317,,1147473,1215191.3967000002,497560.48710000515
250,3A10,Dog Mountain,1080,Active,49.372643,-122.95676,,1147474,1221117.7122999998,488787.6496000029
251,3A11,Loch Lomond,900,Inactive,49.58333,-123.0833,,1147475,1210964.2564000003,511798.0669999989
252,3A12,Freda Lake,700,Inactive,50.004817,-124.166741,,1147476,1131408.3215999994,556021.3825999983
253,3A13,Tatlayoko Lake,1710,Inactive,51.651401,-124.414428,,1147477,1109551.3935000007,738879.3712999988
254,3A14,Garibaldi Lake,1620,Inactive,49.969158,-122.986198,,1147478,1216157.5403999996,554955.4381000008
255,3A15,Mount Seymour,1070,Inactive,49.36667,-122.95,,1147479,1221637.170600001,488145.62590000033
256,3A16,Whistler Mountain,1450,Inactive,50.05656,-123.002098,,1147480,1214606.2579999994,564620.1106000002
257,3A17,Tiedemann Glacier,1400,Inactive,51.599773,-124.892745,,1147481,1076596.4589000004,732498.1901999991
258,3A18,Toba River,1550,Inactive,50.686882,-123.914108,,1147482,1147276.1115,632389.0846000016
259,3A19,Orchid Lake,1190,Active,49.536248,-123.05234,,1147483,1213420.1575000004,506661.68610000703
260,3A20,Callaghan Creek,1040,Active,50.138583,-123.103778,,1147484,1206958.3950999987,573434.0187999997
261,3A21,Diamond Head,1420,Inactive,49.81496,-122.977249,,1147485,1217531.0118000014,537849.6535000019
262,3A22,Nostetuko River,1600,Inactive,51.132453,-124.454322,,1147486,1108057.7385000007,681015.1768999957
263,3A22A,Nostetuko River,1500,Inactive,51.242889,-124.456939,,1147487,1107606.7015000002,693309.575699999
264,3A26,Chapman Creek,1022,Active,49.58439,-123.58602,,1147488,1174614.1776000005,510546.7424999997
265,3A27,Edwards Lake,1070,Active,49.5932,-123.62853,,1147489,1171507.5942999995,511421.62830000557
266,3B01,Forbidden Plateau,1100,Active,49.653453,-125.207248,,1147490,1057267.2981000012,515567.7189999977
267,3B02,Mount Cokely,1250,Inactive,49.24833,-124.59168,,1147491,1102626.1914000001,471241.3489999976
268,3B02A,Mount Cokely,1190,Active,49.248,-124.591,,1147492,1102676.4670999995,471205.67610000167
269,3B03,Labour Day Lake,1020,Inactive,49.17086,-124.602218,,1147493,1102028.3099000005,462620.66110000387
270,3B04,Elk River,270,Active,49.85601,-125.81807,,1147494,1013084.7497000003,537786.494
271,3B05,Upper Quinsam,640,Inactive,49.94363,-125.501594,,1147495,1035777.439999999,547640.1902000047
272,3B06,Tripp Meadows,820,Inactive,48.540721,-123.818267,,1147496,1161392.4948000002,394129.1356000006
273,3B07,Alligator Meadows,520,Inactive,48.540882,-123.911613,,1147497,1154488.7970000012,393938.7356999973
274,3B08,June Lake,980,Inactive,49.545188,-125.273262,,1147498,1052622.2731999995,503481.6623999998
275,3B09,Burman Lake,1250,Inactive,49.635295,-125.751625,,1147499,1017949.6864999998,513259.84159999434
276,3B10,Upper Thelwood Lake,990,Active,49.524913,-125.70371,,1147500,1021463.7690999985,501002.7678000014
277,3B11,Memory Lake,1280,Inactive,49.586692,-125.381782,,1147501,1044724.3904,508020.4978999961
278,3B12,Lyford Mountain,910,Inactive,48.855327,-124.557617,,1147502,1105997.4396999998,427647.25989999995
279,3B13,Heather Mountain,1170,Inactive,48.94281,-124.45112,,1147503,1113609.916300001,437525.2017999999
280,3B14,Newcastle Ridge,1170,Inactive,50.400028,-126.046806,,1147504,996673.6355000008,598291.5364000043
281,3B15,Bear Creek Reservoir,450,Inactive,48.506278,-123.917045,,1147505,1154200.0622000012,390088.16280000005
282,3B16,Sno-Bird Lake,1400,Inactive,49.052196,-124.337036,,1147506,1121691.091800001,449860.8010999989
283,3B17,Wolf River Upper,1490,Inactive,49.750118,-125.694137,,1147507,1022049.0765000005,526042.2201999975
284,3B18,Wolf River Middle,990,Active,49.706711,-125.695999,,1147508,1021935.5749999989,521215.3384999987
285,3B19,Wolf River Lower,640,Active,49.724464,-125.702509,,1147509,1021457.5454999994,523187.25659999717
286,3B20,Sproat Lake,1220,Inactive,49.303218,-125.150848,,1147510,1061808.303400001,476690.03410000354
287,3B21,Margaret Lake,1040,Inactive,49.484203,-125.471252,,1147511,1038336.9595999989,496576.03140000347
288,3B22,Tennent Lake,1134,Inactive,49.579578,-125.63739,,1147512,1026236.9433999992,507101.5814000061
289,3B24,Heather Mountain Upper,1190,Inactive,48.943894,-124.45196,,1147513,1113545.6800000002,437644.21109999437
290,3C01,Precipice,1220,Inactive,52.4267,-125.636337,,1147514,1024684.4432999993,824145.2893999899
291,3C02,Bella Coola,1380,Inactive,52.530158,-126.629508,,1147515,957373.6993000006,835808.8783
292,3C03,Machmell River,1380,Inactive,51.702411,-126.22438,,1147516,984513.7358999994,743361.7392999995
293,3C04,Wedeene River,340,Inactive,54.245685,-128.727371,,1147517,822735.5903999992,1030446.9766999995
294,3C05,Braden River,300,Inactive,52.60939,-127.71669,,1147518,883980.7309000011,845862.5513999984
295,3C06,Link Lake,700,Inactive,52.401581,-127.60646,,1147519,890903.2374000009,822518.6952999998
296,3C07,Wedeene River South,220,Active,54.23499,-128.7295,,1147520,822551.2708999994,1029259.4768000012
297,3D01,Tashme,670,Inactive,49.174915,-121.215408,,1147521,1348968.1775000002,473861.16350000165
298,3D01A,New Tashme,700,Inactive,49.186862,-121.251472,,1147522,1346252.816700001,475008.35910000186
299,3D01B,Sumallo River,880,Inactive,49.223487,-121.233757,,1147523,1347268.8519999988,479155.06640000734
300,3D01C,Sumallo River West,790,Active,49.252626,-121.247768,,1147524,1346032.4080999992,482316.7159000039
301,3D02,Lightning Lake,1220,Active,49.0455,-120.8496,,1147525,1376648.277100001,461395.06970000267
302,3D03,Klesilkwa,610,Inactive,49.148311,-121.254181,,1147526,1346342.4817999995,470721.87789999694
303,3D03A,Klesilkwa,1175,Active,49.129902,-121.308823,,1147527,1342496.0799999998,468415.5203000009
304,4A01,Mcleod Lake,980,Inactive,54.549999,-122.529998,,1147528,1223832.6030999995,1066485.7957999986
305,4A02,Pine Pass,1450,Active,55.352828,-122.642777,,1147529,1212315.020700001,1155649.1992999949
306,4A03,Ware (Upper),1575,Inactive,57.389721,-125.711669,,1147530,1017315.4920000011,1377933.205899994
307,4A04,Ware (Lower),970,Inactive,57.405556,-125.669591,,1147531,1019834.1879999995,1379710.138799998
308,4A05,Germansen Upper,1480,Active,55.819357,-124.69312,,1147532,1081713.7580999997,1203441.3505000025
309,4A06,Tutizzi Lake,1045,Active,56.308067,-125.600309,,1147533,1024684.380000001,1257298.7876999993
310,4A07,Lady Laurier Lake,1440,Active,56.701136,-123.754687,,1147534,1137254.0014999998,1303265.8652999988
311,4A08,Ipec Lake,1310,Inactive,57.657951,-124.706878,,1147535,1077107.023399999,1408510.9892000053
312,4A09,Pulpit Lake,1335,Inactive,57.548503,-126.748944,,1147536,955210.8029999988,1395840.5911000036
313,4A10,Fredrickson Lake,1325,Active,56.948682,-126.521908,,1147537,968294.7728000002,1328822.8550999947
314,4A11,Trygve Lake,1410,Active,56.994545,-127.455388,,1147538,911697.6527999986,1334729.8394
315,4A12,Tsaydaychi Lake,1190,Active,55.416635,-124.7622,,1147539,1078180.8870999997,1158419.637099999
316,4A13,Philip Lake,1035,Active,55.113283,-123.895424,,1147540,1133921.1416999993,1125865.6757999957
317,4A14,Pink Mountain,1170,Inactive,57.033889,-122.508331,,1147541,1211561.7015,1343429.4378999965
318,4A15,Missinka River,1460,Inactive,54.748798,-121.477516,,1147542,1290224.7160999994,1092462.928699999
319,4A16,Morfee Mountain,1430,Active,55.417277,-123.041767,,1147543,1186797.528699999,1161711.3206999982
320,4A17,Germansen Lower,750,Inactive,55.784451,-124.644996,,1147544,1084796.9768000008,1199602.6578000002
321,4A18,Mount Sheba,1490,Active,54.526944,-121.804355,,1147545,1270742.5648000003,1066450.908199994
322,4A19,Mackenzie Airport,700,Inactive,55.30207,-123.137817,,1147546,1181255.629699999,1148612.7609999962
323,4A19A,Mackenzie Airport Manual Snow Course (2003),700,Inactive,55.18,-123.080001,,1147547,1185476.8100999997,1135147.9430999998
324,4A20,Monkman Creek,1570,Inactive,54.725364,-121.231794,,1147548,1306146.4045000002,1090887.8144999966
325,4A21,Mount Stearns,1505,Active,57.069525,-123.399295,,1147549,1157460.260800001,1345078.6961999992
326,4A22,Sukunka River,1140,Inactive,55.22982,-121.615623,,1147550,1278050.067700001,1145496.3193999995
327,4A23,Beatton River,820,Inactive,57.258511,-121.460845,,1147551,1273347.014200001,1372031.4516999973
328,4A24,Wonowon,910,Inactive,56.730579,-121.800392,,1147552,1256416.086600001,1311981.9536999958
329,4A25,Fort St. John Airport,690,Active,56.23722,-120.728614,,1147553,1325842.6154999975,1261460.2108000163
330,4A26,Portage Mountain,760,Inactive,56.007461,-122.178131,,1147554,1237730.2123000014,1230100.1747999983
331,4A27,Kwadacha River,1620,Inactive,57.623809,-125.067832,,1147555,1055635.4578000011,1404366.4551999997
332,4A28,Bullhead Mountain,798,Inactive,56.029949,-122.103462,,1147556,1242232.0971000001,1232859.3713000007
333,4A31,Bullmoose Creek,1570,Inactive,55.107021,-121.509361,,1147557,1285649.0332000002,1132238.9345999965
334,4B01,Kidprice Lake,1370,Active,53.864166,-127.440551,,1147558,905488.8232000013,985412.489900006
335,4B02,Johanson Lake,1420,Active,56.597625,-126.182256,,1147559,988827.2906999994,1289554.234600002
336,4B03,Hudson Bay Mountain,1520,Inactive,54.766667,-127.283333,,1147560,917628.3458999984,1085930.6328000007
337,4B03A,Hudson Bay Mountain,1480,Active,54.7665,-127.2772,,1147561,918021.6177999994,1085904.8753999956
338,4B04,Chapman Lake,1460,Active,54.881111,-126.728614,,1147562,953363.1287999997,1098198.7281000027
339,4B05,Smithers,500,Inactive,54.750782,-127.099838,,1147563,929377.5311999988,1083959.4534000056
340,4B06,Tachek Creek,1140,Active,54.63675,-126.2978,,1147564,980823.497199999,1070722.5513000013
341,4B07,McKendrick Creek,1050,Active,54.79989,-126.7986,,1147565,948781.3970999992,1089181.3730000006
342,4B08,Mount Cronin,1480,Active,54.9285,-126.8092,,1147566,948265.6863,1103544.194599987
343,4B10,Ningunsaw Pass,690,Active,56.78328,-129.9529,,1147567,758959.1964000005,1316985.139200003
344,4B11,Bear Pass,460,Inactive,56.122798,-129.612961,,1147568,775909.4602000004,1242273.1388999997
345,4B11A,Bear Pass,460,Active,56.101665,-129.626937,,1147569,774922.5869999996,1239962.0641
346,4B12,Granduc Mine,790,Inactive,56.245235,-130.063461,,1147570,748780.4869999993,1257429.4070999986
347,4B13,Terrace Airport,180,Inactive,54.505336,-128.635208,,1147571,829801.4611000007,1059181.734099999
348,4B13A,Terrace Airport,180,Active,54.474445,-128.576111,,1147572,833491.1708000003,1055595.463999995
349,4B14,Equity Mine,1420,Active,54.18936,-126.25,,1147573,983725.1602000005,1020773.9213999975
350,4B15,Lu Lake,1300,Active,54.20231,-126.2958,,1147574,980749.6649999993,1022230.7985999994
351,4C01,Sikanni Lake,1385,Inactive,57.263858,-124.132525,,1147575,1112507.2961000006,1365345.344399999
352,4C02,Summit Lake,1280,Active,58.64817,-124.7214,,1147576,1074248.3768000007,1518818.7956999969
353,4C03,Dease Lake,820,Active,58.42864,-130.0132,,1147577,765679.9705999994,1500340.4364999924
354,4C04,Cassiar,1390,Inactive,59.308135,-129.835113,,1147578,781369.3875999994,1597533.539299999
355,4C05,Fort Nelson Airport,380,Active,58.84067,-122.5719,,1147579,1197965.414100001,1544377.3030000022
356,4C06,Mount Roosevelt,1330,Inactive,58.37107,-125.343078,,1147580,1038435.4350000008,1487461.8428000002
357,4C07,Grayling River,1250,Inactive,59.652542,-125.522591,,1147581,1026970.7291000002,1630006.6798000024
358,4C08,Trout River,1400,Inactive,59.02602,-125.958229,,1147582,1002400.9538000008,1560216.9486000002
359,4C09,Deadwood River,1300,Inactive,59.259056,-128.330108,,1147583,866945.4190999994,1588339.4298999934
360,4C10,Rabbit River,1250,Inactive,59.195411,-127.193412,,1147584,931724.9449999998,1579643.2523000133
361,4C11,Bluff Creek,1040,Inactive,58.534881,-126.437248,,1147585,974529.8330000007,1505609.5753999972
362,4C12,Toad River,1400,Inactive,58.78947,-125.370361,,1147586,1036424.7367000004,1534044.5539999898
363,4C13,Kluachesi Lake,1220,Inactive,57.98748,-123.925491,,1147587,1122612.8955999997,1446336.8693
364,4C14,Frog River,1480,Inactive,57.982551,-127.493339,,1147588,911719.213899999,1444922.0046999953
365,4C15,Jade City,940,Inactive,59.23722,-129.660827,,1147589,790888.110799998,1589127.9545999933
366,4D01,Telegraph Creek,580,Inactive,57.94889,-131.135559,,1147590,696376.1686999998,1451257.0616000034
367,4D02,Iskut,1000,Active,57.85272,-129.9922,,1147591,763287.5398999996,1436195.9149000011
368,4D03,Red Chris Mine Lower,1263,Inactive,57.755701,-129.751262,,1147592,776987.0216000013,1424614.5565999998
369,4D04,Red Chris Mine Upper,1469,Inactive,57.764308,-129.746365,,1147593,777328.6309999996,1425557.3029999947
370,4D05,Tahltan Lake,1220,Inactive,57.880477,-131.590576,,1147594,668926.8059000003,1445693.199
371,4D06,Triumph Creek,1220,Inactive,57.607868,-132.29692,,1147595,624501.6763999985,1418934.084499997
372,4D07,Schaft Creek,1140,Inactive,57.362449,-130.988311,,1147596,700463.7849000014,1385414.3146000048
373,4D08,Forrest Kerr Creek,560,Inactive,56.947582,-130.792739,,1147597,709058.706800001,1338435.7049000002
374,4D09,Snippaker Creek,620,Inactive,56.558334,-130.72792,,1147598,710089.4184000012,1294840.372700001
375,4D10,Tumeka Creek,1220,Inactive,57.240566,-129.705459,,1147599,776702.2559999991,1367108.9460000005
376,4D11,Kinaskan Lake,1020,Inactive,57.579727,-130.265594,,1147600,745263.2485000013,1406762.1264999993
377,4D12,Eaglenest Creek,1540,Inactive,57.612472,-129.013763,,1147601,820122.0900999993,1406565.6129999952
378,4D13,Upper Stikine,1450,Inactive,57.357646,-128.164855,,1147602,869901.8661,1376310.3722000103
379,4D14,Wade Lake,1370,Inactive,58.1875,-128.913299,,1147603,828751.8317000009,1470354.9080999964
380,4D15,Boundary,470,Inactive,56.690967,-131.836318,,1147604,643481.7976999992,1314659.0621000025
381,4E01,Log Cabin,900,Active,59.7625,-134.965835,,1147605,496377.7565000007,1674075.368499999
382,4E02,Atlin Lake,730,Inactive,59.681076,-133.763061,,1147606,562656.2283999992,1657092.0262000002
383,4E02A,Atlin Lake,710,Inactive,59.593055,-133.728607,,1147607,563523.1253999998,1647150.690700001
384,4E02B,Atlin Lake,730,Active,59.58866,-133.71024,,1147608,564503.1767,1646551.7474999987
385,4E03,Stanley Creek,930,Inactive,59.89627,-136.898406,,1147609,390884.9470999999,1703988.9524999997
